Benchmarks,Policy,RT,IPC,MPKI,Pred_Accuracy (%),Energy (mJ),REF/WB Counts
client_001,Refresh,1ms,1.0185055,6.6152796030832235,95.42335323601728,3.5244785095389863,6911.5
client_001,Refresh,10ms,1.0187895,6.6152796030832235,95.42335323601728,3.6970552674474084,0.0
client_001,Refresh,100ms,1.0187895,6.6152796030832235,95.42335323601728,3.922943747447408,0.0
client_001,Refresh,1s,1.0187895,6.6152796030832235,95.42335323601728,4.2743258274474085,0.0
client_001,WriteBack,1ms,1.017806,6.638799601672024,95.42357007741441,3.529166752470813,9493.0
client_001,WriteBack,10ms,1.0187895,6.6152796030832235,95.42335323601728,3.6970552674474084,0.0
client_001,WriteBack,100ms,1.0187895,6.6152796030832235,95.42335323601728,3.922943747447408,0.0
client_001,WriteBack,1s,1.0187895,6.6152796030832235,95.42335323601728,4.2743258274474085,0.0
client_002,Refresh,1ms,1.0833949999999999,10.959489780810205,95.33223520777676,4.808713829809051,0.0
client_002,Refresh,10ms,1.0833949999999999,10.959489780810205,95.33223520777676,5.01823943980905,0.0
client_002,Refresh,100ms,1.0833949999999999,10.959489780810205,95.33223520777676,5.28762950980905,0.0
client_002,Refresh,1s,1.0833949999999999,10.959489780810205,95.33223520777676,5.706680729809052,0.0
client_002,WriteBack,1ms,1.0833949999999999,10.959489780810205,95.33223520777676,4.808713829809051,0.0
client_002,WriteBack,10ms,1.0833949999999999,10.959489780810205,95.33223520777676,5.01823943980905,0.0
client_002,WriteBack,100ms,1.0833949999999999,10.959489780810205,95.33223520777676,5.28762950980905,0.0
client_002,WriteBack,1s,1.0833949999999999,10.959489780810205,95.33223520777676,5.706680729809052,0.0
client_003,Refresh,1ms,0.871007,10.437909791241804,95.51570298095166,4.644107440537672,7410.0
client_003,Refresh,10ms,0.871232,10.437909791241804,95.51570298095166,4.83639133950645,0.0
client_003,Refresh,100ms,0.871232,10.437909791241804,95.51570298095166,5.087906419506451,0.0
client_003,Refresh,1s,0.871232,10.437909791241804,95.51570298095166,5.479152099506452,0.0
client_003,WriteBack,1ms,0.8710070000000001,10.449519791009603,95.51561962649174,4.6439093729672125,4527.5
client_003,WriteBack,10ms,0.871232,10.437909791241804,95.51570298095166,4.83639133950645,0.0
client_003,WriteBack,100ms,0.871232,10.437909791241804,95.51570298095166,5.087906419506451,0.0
client_003,WriteBack,1s,0.871232,10.437909791241804,95.51570298095166,5.479152099506452,0.0
client_004,Refresh,1ms,0.877622,20.55210958895781,95.81234661166124,8.034127386632552,449.5
client_004,Refresh,10ms,0.877636,20.55210958895781,95.81234661166124,8.206759527972814,0.0
client_004,Refresh,100ms,0.877636,20.55210958895781,95.81234661166124,8.428975557972814,0.0
client_004,Refresh,1s,0.877636,20.55210958895781,95.81234661166124,8.774644937972814,0.0
client_004,WriteBack,1ms,0.8777524999999999,20.552229588955406,95.81235256838482,8.034064388189183,82.5
client_004,WriteBack,10ms,0.877636,20.55210958895781,95.81234661166124,8.206759527972814,0.0
client_004,WriteBack,100ms,0.877636,20.55210958895781,95.81234661166124,8.428975557972814,0.0
client_004,WriteBack,1s,0.877636,20.55210958895781,95.81234661166124,8.774644937972814,0.0
client_005,Refresh,1ms,0.897321,13.225499735490006,95.53440097124792,5.589667218121802,2683.0
client_005,Refresh,10ms,0.8974074999999999,13.225499735490006,95.53440097124792,5.772412658106753,0.0
client_005,Refresh,100ms,0.8974074999999999,13.225499735490006,95.53440097124792,6.008925458106753,0.0
client_005,Refresh,1s,0.8974074999999999,13.225499735490006,95.53440097124792,6.3768342581067525,0.0
client_005,WriteBack,1ms,0.897327,13.225249735495005,95.53457989749646,5.588752507359075,5255.5
client_005,WriteBack,10ms,0.8974074999999999,13.225499735490006,95.53440097124792,5.772412658106753,0.0
client_005,WriteBack,100ms,0.8974074999999999,13.225499735490006,95.53440097124792,6.008925458106753,0.0
client_005,WriteBack,1s,0.8974074999999999,13.225499735490006,95.53440097124792,6.3768342581067525,0.0
client_006,Refresh,1ms,1.019912,5.194749735205014,95.46038861253555,3.288966810216293,4805.5
client_006,Refresh,10ms,1.0201145,5.194749735205014,95.46038861253555,3.4962199624352834,0.0
client_006,Refresh,100ms,1.0201145,5.194749735205014,95.46038861253555,3.7654723774352834,0.0
client_006,Refresh,1s,1.0201145,5.194749735205014,95.46038861253555,4.184309467435283,0.0
client_006,WriteBack,1ms,1.018962,5.226069733650614,95.4597493642861,3.295528456174598,9243.0
client_006,WriteBack,10ms,1.0201145,5.194749735205014,95.46038861253555,3.4962199624352834,0.0
client_006,WriteBack,100ms,1.0201145,5.194749735205014,95.46038861253555,3.7654723774352834,0.0
client_006,WriteBack,1s,1.0201145,5.194749735205014,95.46038861253555,4.184309467435283,0.0
client_007,Refresh,1ms,0.9799985,8.193449844992806,95.38486532479945,3.7644240886885854,10974.0
client_007,Refresh,10ms,0.9804195,8.193449844992806,95.38486532479945,3.9061793741458564,0.0
client_007,Refresh,100ms,0.9804195,8.193449844992806,95.38486532479945,4.094793859145856,0.0
client_007,Refresh,1s,0.9804195,8.193449844992806,95.38486532479945,4.388194169145856,0.0
client_007,WriteBack,1ms,0.9802205,8.210189844636407,95.3847915676904,3.764205566762406,5143.5
client_007,WriteBack,10ms,0.9804195,8.193449844992806,95.38486532479945,3.9061793741458564,0.0
client_007,WriteBack,100ms,0.9804195,8.193449844992806,95.38486532479945,4.094793859145856,0.0
client_007,WriteBack,1s,0.9804195,8.193449844992806,95.38486532479945,4.388194169145856,0.0
client_008,Refresh,1ms,0.8829454999999999,14.761189409552424,95.36439833343212,6.223860731081489,10375.5
client_008,Refresh,10ms,0.88327,14.761189409552424,95.36439833343212,6.463299847170166,0.0
client_008,Refresh,100ms,0.88327,14.761189409552424,95.36439833343212,6.777161122170165,0.0
client_008,Refresh,1s,0.88327,14.761189409552424,95.36439833343212,7.265389772170165,0.0
client_008,WriteBack,1ms,0.883267,14.759339409626424,95.36474042554207,6.220108764784599,7875.0
client_008,WriteBack,10ms,0.88327,14.761189409552424,95.36439833343212,6.463299847170166,0.0
client_008,WriteBack,100ms,0.88327,14.761189409552424,95.36439833343212,6.777161122170165,0.0
client_008,WriteBack,1s,0.88327,14.761189409552424,95.36439833343212,7.265389772170165,0.0
server_001,Refresh,1ms,1.038254,6.598469782357213,95.39840621782406,4.585287877709927,6.0
server_001,Refresh,10ms,1.038254,6.598469782357213,95.39840621782406,4.9191849327099275,0.0
server_001,Refresh,100ms,1.038254,6.598469782357213,95.39840621782406,5.348484617709928,0.0
server_001,Refresh,1s,1.038254,6.598469782357213,95.39840621782406,6.016284127709927,0.0
server_001,WriteBack,1ms,1.038254,6.598469782357213,95.39840621782406,4.5852851777099275,0.0
server_001,WriteBack,10ms,1.038254,6.598469782357213,95.39840621782406,4.9191849327099275,0.0
server_001,WriteBack,100ms,1.038254,6.598469782357213,95.39840621782406,5.348484617709928,0.0
server_001,WriteBack,1s,1.038254,6.598469782357213,95.39840621782406,6.016284127709927,0.0
server_002,Refresh,1ms,0.9422665,2.2617699095292036,95.37488550228647,2.0663236151727817,33062.0
server_002,Refresh,10ms,0.943338,2.2617699095292036,95.37488550228647,2.2298447491763316,1940.0
server_002,Refresh,100ms,0.943442,2.2617699095292036,95.37488550228647,2.4569306015453245,0.0
server_002,Refresh,1s,0.943442,2.2617699095292036,95.37488550228647,2.8117472315453242,0.0
server_002,WriteBack,1ms,0.9435180000000001,2.4379399024824036,95.36320665593678,2.13599478184707,32255.5
server_002,WriteBack,10ms,0.9435515,2.3410499063580037,95.36800803095946,2.267391439495672,10335.5
server_002,WriteBack,100ms,0.943442,2.2617699095292036,95.37488550228647,2.4569306015453245,0.0
server_002,WriteBack,1s,0.943442,2.2617699095292036,95.37488550228647,2.8117472315453242,0.0
server_003,Refresh,1ms,0.6857759999999999,22.09059954002482,95.70956604097842,9.44587246178843,18.0
server_003,Refresh,10ms,0.6857759999999999,22.09059954002482,95.70956604097842,9.73490426678843,0.0
server_003,Refresh,100ms,0.6857759999999999,22.09059954002482,95.70956604097842,10.106527001788429,0.0
server_003,Refresh,1s,0.6857759999999999,22.09059954002482,95.70956604097842,10.68460681178843,0.0
server_003,WriteBack,1ms,0.685701,22.09074954001882,95.70952546084663,9.445422302064435,1.0
server_003,WriteBack,10ms,0.6857759999999999,22.09059954002482,95.70956604097842,9.73490426678843,0.0
server_003,WriteBack,100ms,0.6857759999999999,22.09059954002482,95.70956604097842,10.106527001788429,0.0
server_003,WriteBack,1s,0.6857759999999999,22.09059954002482,95.70956604097842,10.68460681178843,0.0
server_004,Refresh,1ms,0.569653,17.937829999999998,95.5262698800496,7.803870500426175,9789.0
server_004,Refresh,10ms,0.569781,17.937829999999998,95.5262698800496,8.11928001281783,0.0
server_004,Refresh,100ms,0.569781,17.937829999999998,95.5262698800496,8.530477727817829,0.0
server_004,Refresh,1s,0.569781,17.937829999999998,95.5262698800496,9.17011861781783,0.0
server_004,WriteBack,1ms,0.5698669999999999,17.95299,95.52613014697901,7.803888844784437,13874.0
server_004,WriteBack,10ms,0.569781,17.937829999999998,95.5262698800496,8.11928001281783,0.0
server_004,WriteBack,100ms,0.569781,17.937829999999998,95.5262698800496,8.530477727817829,0.0
server_004,WriteBack,1s,0.569781,17.937829999999998,95.5262698800496,9.17011861781783,0.0
server_009,Refresh,1ms,0.5989845,15.732479694665612,95.33735621957479,7.09341618081163,8718.5
server_009,Refresh,10ms,0.5991105,15.732479694665612,95.33735621957479,7.433874186630347,0.0
server_009,Refresh,100ms,0.5991105,15.732479694665612,95.33735621957479,7.876656906630347,0.0
server_009,Refresh,1s,0.5991105,15.732479694665612,95.33735621957479,8.565430026630347,0.0
server_009,WriteBack,1ms,0.5991905,15.757739694163611,95.33737058697,7.0961679944041265,10492.0
server_009,WriteBack,10ms,0.5991105,15.732479694665612,95.33735621957479,7.433874186630347,0.0
server_009,WriteBack,100ms,0.5991105,15.732479694665612,95.33735621957479,7.876656906630347,0.0
server_009,WriteBack,1s,0.5991105,15.732479694665612,95.33735621957479,8.565430026630347,0.0
server_010,Refresh,1ms,0.665248,17.219889823211005,95.30379085486123,7.630790100865507,14854.0
server_010,Refresh,10ms,0.731509,17.678899646422007,98.85701655958914,12.018313798099763,0.0
server_010,Refresh,100ms,0.731509,17.678899646422007,98.85701655958914,12.488634988099763,0.0
server_010,Refresh,1s,0.731509,17.678899646422007,98.85701655958914,13.220245728099764,0.0
server_010,WriteBack,1ms,0.731482,17.685639646287207,98.85703446145496,11.656192704987928,8690.0
server_010,WriteBack,10ms,0.6655135,17.219889823211005,95.30379085486123,7.98990246878984,0.0
server_010,WriteBack,100ms,0.6655135,17.219889823211005,95.30379085486123,8.460223928789839,0.0
server_010,WriteBack,1s,0.6655135,17.219889823211005,95.30379085486123,9.19183508878984,0.0
server_011,Refresh,1ms,0.769163,20.46943959061121,95.54153231045584,9.174481042432237,8.0
server_011,Refresh,10ms,0.769163,20.46943959061121,95.54153231045584,9.537836382432237,0.0
server_011,Refresh,100ms,0.769163,20.46943959061121,95.54153231045584,10.005012162432237,0.0
server_011,Refresh,1s,0.769163,20.46943959061121,95.54153231045584,10.731730042432238,0.0
server_011,WriteBack,1ms,0.769163,20.46943959061121,95.54153231045584,9.174477442432238,0.0
server_011,WriteBack,10ms,0.769163,20.46943959061121,95.54153231045584,9.537836382432237,0.0
server_011,WriteBack,100ms,0.769163,20.46943959061121,95.54153231045584,10.005012162432237,0.0
server_011,WriteBack,1s,0.769163,20.46943959061121,95.54153231045584,10.731730042432238,0.0
server_012,Refresh,1ms,0.809357,19.36699961266001,95.30259635966078,8.448401539017292,0.0
server_012,Refresh,10ms,0.809357,19.36699961266001,95.30259635966078,8.844096209017293,0.0
server_012,Refresh,100ms,0.809357,19.36699961266001,95.30259635966078,9.352846499017293,0.0
server_012,Refresh,1s,0.809357,19.36699961266001,95.30259635966078,10.144235839017293,0.0
server_012,WriteBack,1ms,0.809357,19.36699961266001,95.30259635966078,8.448401539017292,0.0
server_012,WriteBack,10ms,0.809357,19.36699961266001,95.30259635966078,8.844096209017293,0.0
server_012,WriteBack,100ms,0.809357,19.36699961266001,95.30259635966078,9.352846499017293,0.0
server_012,WriteBack,1s,0.809357,19.36699961266001,95.30259635966078,10.144235839017293,0.0
server_013,Refresh,1ms,0.772192,20.32474,95.32739765522126,8.980147054000593,0.0
server_013,Refresh,10ms,0.772192,20.32474,95.32739765522126,9.386105929000594,0.0
server_013,Refresh,100ms,0.772192,20.32474,95.32739765522126,9.908053054000595,0.0
server_013,Refresh,1s,0.772192,20.32474,95.32739765522126,10.719970804000596,0.0
server_013,WriteBack,1ms,0.772192,20.32474,95.32739765522126,8.980147054000593,0.0
server_013,WriteBack,10ms,0.772192,20.32474,95.32739765522126,9.386105929000594,0.0
server_013,WriteBack,100ms,0.772192,20.32474,95.32739765522126,9.908053054000595,0.0
server_013,WriteBack,1s,0.772192,20.32474,95.32739765522126,10.719970804000596,0.0
server_014,Refresh,1ms,0.9315225,3.37512,95.42965528500457,2.539492654890461,16188.5
server_014,Refresh,10ms,0.932084,3.37512,95.42965528500457,2.7298753956958026,14.0
server_014,Refresh,100ms,0.932085,3.37512,95.42965528500457,2.98401522841123,0.0
server_014,Refresh,1s,0.932085,3.37512,95.42965528500457,3.3793552084112304,0.0
server_014,WriteBack,1ms,0.932026,3.3907499999999997,95.43055790807568,2.539562029323585,13387.0
server_014,WriteBack,10ms,0.932085,3.37512,95.42965528500457,2.72986809841123,8.0
server_014,WriteBack,100ms,0.932085,3.37512,95.42965528500457,2.98401522841123,0.0
server_014,WriteBack,1s,0.932085,3.37512,95.42965528500457,3.3793552084112304,0.0
server_015,Refresh,1ms,0.9538705000000001,3.6619398967568033,95.31307726144485,2.6498932670357216,30537.5
server_015,Refresh,10ms,0.954883,3.6619398967568033,95.31307726144485,2.834964994246407,1826.0
server_015,Refresh,100ms,0.9549829999999999,3.6619398967568033,95.31307726144485,3.088431949538492,0.0
server_015,Refresh,1s,0.9549829999999999,3.6619398967568033,95.31307726144485,3.484193469538492,0.0
server_015,WriteBack,1ms,0.9547924999999999,3.6808298961764034,95.31692216594763,2.6505660888982545,30672.5
server_015,WriteBack,10ms,0.954975,3.661999896754403,95.31343528106234,2.834803137204716,3900.5
server_015,WriteBack,100ms,0.9549829999999999,3.6619398967568033,95.31307726144485,3.088431949538492,0.0
server_015,WriteBack,1s,0.9549829999999999,3.6619398967568033,95.31307726144485,3.484193469538492,0.0
server_016,Refresh,1ms,0.6997180000000001,42.966218281351274,95.21208490812177,14.064400594802889,3750.0
server_016,Refresh,10ms,0.6997925,42.966218281351274,95.21208490812177,14.39101598917575,0.0
server_016,Refresh,100ms,0.6997925,42.966218281351274,95.21208490812177,14.813122604175751,0.0
server_016,Refresh,1s,0.6997925,42.966218281351274,95.21208490812177,15.469732894175749,0.0
server_016,WriteBack,1ms,0.6997964999999999,42.975168280993266,95.21221131930201,14.066583645987103,2081.0
server_016,WriteBack,10ms,0.6997925,42.966218281351274,95.21208490812177,14.39101598917575,0.0
server_016,WriteBack,100ms,0.6997925,42.966218281351274,95.21208490812177,14.813122604175751,0.0
server_016,WriteBack,1s,0.6997925,42.966218281351274,95.21208490812177,15.469732894175749,0.0
server_017,Refresh,1ms,0.452879,5.634559774617609,95.33422652545703,3.403687451017846,9320.0
server_017,Refresh,10ms,0.452955,5.634559774617609,95.33422652545703,3.6168514617953473,73.0
server_017,Refresh,100ms,0.452956,5.634559774617609,95.33422652545703,3.8962320633485823,0.0
server_017,Refresh,1s,0.452956,5.634559774617609,95.33422652545703,4.330883273348582,0.0
server_017,WriteBack,1ms,0.45278,5.6546297738148095,95.33404843596928,3.4051462904011016,5741.0
server_017,WriteBack,10ms,0.4528935,5.635709774571609,95.33429446673998,3.617364992562969,323.0
server_017,WriteBack,100ms,0.452956,5.634559774617609,95.33422652545703,3.8962320633485823,0.0
server_017,WriteBack,1s,0.452956,5.634559774617609,95.33422652545703,4.330883273348582,0.0
server_018,Refresh,1ms,0.48822050000000006,5.416849881322805,95.3189401408502,3.2627190408550164,6308.0
server_018,Refresh,10ms,0.4882745,5.416849881322805,95.3189401408502,3.472048705705436,422.0
server_018,Refresh,100ms,0.4882805,5.416849881322805,95.3189401408502,3.7443388962296336,0.0
server_018,Refresh,1s,0.4882805,5.416849881322805,95.3189401408502,4.168243356229634,0.0
server_018,WriteBack,1ms,0.48831800000000003,5.433619881022004,95.31885011946596,3.2643619524997423,5467.0
server_018,WriteBack,10ms,0.488387,5.417359881315205,95.31896336764618,3.4719266456523687,514.5
server_018,WriteBack,100ms,0.4882805,5.416849881322805,95.3189401408502,3.7443388962296336,0.0
server_018,WriteBack,1s,0.4882805,5.416849881322805,95.3189401408502,4.168243356229634,0.0
server_019,Refresh,1ms,0.44061,5.788529884229403,95.3367373548029,3.438707514600955,12363.5
server_019,Refresh,10ms,0.44070299999999996,5.788529884229403,95.3367373548029,3.6479452763862037,255.0
server_019,Refresh,100ms,0.44070600000000004,5.788529884229403,95.3367373548029,3.9238243536103745,0.0
server_019,Refresh,1s,0.44070600000000004,5.788529884229403,95.3367373548029,4.353176213610375,0.0
server_019,WriteBack,1ms,0.440835,5.804859883902802,95.33666932097464,3.4378146828186846,6836.5
server_019,WriteBack,10ms,0.44060900000000003,5.788519884229602,95.33681413736075,3.6480473933001445,163.5
server_019,WriteBack,100ms,0.44070600000000004,5.788529884229403,95.3367373548029,3.9238243536103745,0.0
server_019,WriteBack,1s,0.44070600000000004,5.788529884229403,95.3367373548029,4.353176213610375,0.0
server_020,Refresh,1ms,0.488769,5.370169892596602,95.31634268576589,3.2614168417624314,4007.0
server_020,Refresh,10ms,0.4888045,5.370169892596602,95.31634268576589,3.472574094149164,195.5
server_020,Refresh,100ms,0.488807,5.370169892596602,95.31634268576589,3.74615066365315,0.0
server_020,Refresh,1s,0.488807,5.370169892596602,95.31634268576589,4.17187260365315,0.0
server_020,WriteBack,1ms,0.488665,5.3872298922554025,95.31614548689342,3.2638648390414913,4678.0
server_020,WriteBack,10ms,0.4886405,5.371129892577402,95.316422435699,3.4728137575861098,388.0
server_020,WriteBack,100ms,0.488807,5.370169892596602,95.31634268576589,3.74615066365315,0.0
server_020,WriteBack,1s,0.488807,5.370169892596602,95.31634268576589,4.17187260365315,0.0
server_021,Refresh,1ms,0.5047135,5.003690000000001,95.31361922327457,3.1305785467727,3284.5
server_021,Refresh,10ms,0.504744,5.003690000000001,95.31361922327457,3.339745478333908,191.0
server_021,Refresh,100ms,0.504747,5.003690000000001,95.31361922327457,3.6103498256881528,0.0
server_021,Refresh,1s,0.504747,5.003690000000001,95.31361922327457,4.031444695688153,0.0
server_021,WriteBack,1ms,0.504706,5.020099999999999,95.3136251341108,3.1338219748049507,5019.0
server_021,WriteBack,10ms,0.5048795,5.00507,95.31377747824558,3.3404269631711556,580.5
server_021,WriteBack,100ms,0.504747,5.003690000000001,95.31361922327457,3.6103498256881528,0.0
server_021,WriteBack,1s,0.504747,5.003690000000001,95.31361922327457,4.031444695688153,0.0
server_022,Refresh,1ms,0.5032760000000001,5.115299795388008,95.30796170880363,3.143431891306765,5407.5
server_022,Refresh,10ms,0.5033275,5.115299795388008,95.30796170880363,3.35084383302423,198.0
server_022,Refresh,100ms,0.5033305,5.115299795388008,95.30796170880363,3.6204133644560637,0.0
server_022,Refresh,1s,0.5033305,5.115299795388008,95.30796170880363,4.039904184456063,0.0
server_022,WriteBack,1ms,0.5036205,5.130549794778008,95.30784198200914,3.1448579143906357,5799.5
server_022,WriteBack,10ms,0.5031785,5.1161497953540085,95.30805234825613,3.3513018484300416,934.0
server_022,WriteBack,100ms,0.5033305,5.115299795388008,95.30796170880363,3.6204133644560637,0.0
server_022,WriteBack,1s,0.5033305,5.115299795388008,95.30796170880363,4.039904184456063,0.0
server_023,Refresh,1ms,0.652714,48.87555951837301,95.21731907567678,16.016305388236425,0.0
server_023,Refresh,10ms,0.652714,48.87555951837301,95.21731907567678,16.387677963236428,0.0
server_023,Refresh,100ms,0.652714,48.87555951837301,95.21731907567678,16.86515698823643,0.0
server_023,Refresh,1s,0.652714,48.87555951837301,95.21731907567678,17.607902138236426,0.0
server_023,WriteBack,1ms,0.652714,48.87555951837301,95.21731907567678,16.016305388236425,0.0
server_023,WriteBack,10ms,0.652714,48.87555951837301,95.21731907567678,16.387677963236428,0.0
server_023,WriteBack,100ms,0.652714,48.87555951837301,95.21731907567678,16.86515698823643,0.0
server_023,WriteBack,1s,0.652714,48.87555951837301,95.21731907567678,17.607902138236426,0.0
server_024,Refresh,1ms,0.6407229999999999,51.17592897648142,95.21111020110664,16.694971221392805,0.0
server_024,Refresh,10ms,0.6407229999999999,51.17592897648142,95.21111020110664,17.079728986392805,0.0
server_024,Refresh,100ms,0.6407229999999999,51.17592897648142,95.21111020110664,17.57441754139281,0.0
server_024,Refresh,1s,0.6407229999999999,51.17592897648142,95.21111020110664,18.343933071392808,0.0
server_024,WriteBack,1ms,0.6407229999999999,51.17592897648142,95.21111020110664,16.694971221392805,0.0
server_024,WriteBack,10ms,0.6407229999999999,51.17592897648142,95.21111020110664,17.079728986392805,0.0
server_024,WriteBack,100ms,0.6407229999999999,51.17592897648142,95.21111020110664,17.57441754139281,0.0
server_024,WriteBack,1s,0.6407229999999999,51.17592897648142,95.21111020110664,18.343933071392808,0.0
server_025,Refresh,1ms,0.6368445,49.887168988578836,95.21766050814503,16.52815079624386,1598.0
server_025,Refresh,10ms,0.6368705,49.887168988578836,95.21766050814503,16.92245254099492,0.0
server_025,Refresh,100ms,0.6368705,49.887168988578836,95.21766050814503,17.430337705994923,0.0
server_025,Refresh,1s,0.6368705,49.887168988578836,95.21766050814503,18.220381295994923,0.0
server_025,WriteBack,1ms,0.636861,49.889128988541245,95.2176831428103,16.52818001028829,1511.5
server_025,WriteBack,10ms,0.6368705,49.887168988578836,95.21766050814503,16.92245254099492,0.0
server_025,WriteBack,100ms,0.6368705,49.887168988578836,95.21766050814503,17.430337705994923,0.0
server_025,WriteBack,1s,0.6368705,49.887168988578836,95.21766050814503,18.220381295994923,0.0
server_026,Refresh,1ms,0.6016174999999999,56.08356,95.2169001666747,18.411319019944777,0.0
server_026,Refresh,10ms,0.6016174999999999,56.08356,95.2169001666747,18.82846501494478,0.0
server_026,Refresh,100ms,0.6016174999999999,56.08356,95.2169001666747,19.36479557994478,0.0
server_026,Refresh,1s,0.6016174999999999,56.08356,95.2169001666747,20.199087569944783,0.0
server_026,WriteBack,1ms,0.6016174999999999,56.08356,95.2169001666747,18.411319019944777,0.0
server_026,WriteBack,10ms,0.6016174999999999,56.08356,95.2169001666747,18.82846501494478,0.0
server_026,WriteBack,100ms,0.6016174999999999,56.08356,95.2169001666747,19.36479557994478,0.0
server_026,WriteBack,1s,0.6016174999999999,56.08356,95.2169001666747,20.199087569944783,0.0
server_027,Refresh,1ms,0.5994115,56.421078299463055,95.21615109196102,18.48008594332254,0.0
server_027,Refresh,10ms,0.5994115,56.421078299463055,95.21615109196102,18.89789630832254,0.0
server_027,Refresh,100ms,0.5994115,56.421078299463055,95.21615109196102,19.43508106332254,0.0
server_027,Refresh,1s,0.5994115,56.421078299463055,95.21615109196102,20.270701793322537,0.0
server_027,WriteBack,1ms,0.5994115,56.421078299463055,95.21615109196102,18.48008594332254,0.0
server_027,WriteBack,10ms,0.5994115,56.421078299463055,95.21615109196102,18.89789630832254,0.0
server_027,WriteBack,100ms,0.5994115,56.421078299463055,95.21615109196102,19.43508106332254,0.0
server_027,WriteBack,1s,0.5994115,56.421078299463055,95.21615109196102,20.270701793322537,0.0
server_028,Refresh,1ms,0.5796509999999999,58.27216883455662,95.21604552427746,19.098660721764883,16.0
server_028,Refresh,10ms,0.5796509999999999,58.27216883455662,95.21604552427746,19.53210776676488,0.0
server_028,Refresh,100ms,0.5796509999999999,58.27216883455662,95.21604552427746,20.089406081764878,0.0
server_028,Refresh,1s,0.5796509999999999,58.27216883455662,95.21604552427746,20.956314571764878,0.0
server_028,WriteBack,1ms,0.5796625,58.27189942445341,95.21605589786722,19.09875911901742,16.5
server_028,WriteBack,10ms,0.5796509999999999,58.27216883455662,95.21604552427746,19.53210776676488,0.0
server_028,WriteBack,100ms,0.5796509999999999,58.27216883455662,95.21604552427746,20.089406081764878,0.0
server_028,WriteBack,1s,0.5796509999999999,58.27216883455662,95.21604552427746,20.956314571764878,0.0
server_029,Refresh,1ms,0.573445,59.0262582515179,95.21562932939868,19.3423778908908,15.5
server_029,Refresh,10ms,0.573445,59.0262582515179,95.21562932939868,19.779055030890795,0.0
server_029,Refresh,100ms,0.573445,59.0262582515179,95.21562932939868,20.340506035890797,0.0
server_029,Refresh,1s,0.573445,59.0262582515179,95.21562932939868,21.2138742658908,0.0
server_029,WriteBack,1ms,0.573462,59.0260282515179,95.21562218549849,19.34209399737268,28.5
server_029,WriteBack,10ms,0.573445,59.0262582515179,95.21562932939868,19.779055030890795,0.0
server_029,WriteBack,100ms,0.573445,59.0262582515179,95.21562932939868,20.340506035890797,0.0
server_029,WriteBack,1s,0.573445,59.0262582515179,95.21562932939868,21.2138742658908,0.0
server_030,Refresh,1ms,0.5780605,60.028597598856095,95.21663338759556,19.70928910551409,6.5
server_030,Refresh,10ms,0.5780605,60.028597598856095,95.21663338759556,20.15236185551409,0.0
server_030,Refresh,100ms,0.5780605,60.028597598856095,95.21663338759556,20.72203058051409,0.0
server_030,Refresh,1s,0.5780605,60.028597598856095,95.21663338759556,21.608181930514093,0.0
server_030,WriteBack,1ms,0.5780605,60.0286075988557,95.21663338635747,19.70928690051409,5.0
server_030,WriteBack,10ms,0.5780605,60.028597598856095,95.21663338759556,20.15236185551409,0.0
server_030,WriteBack,100ms,0.5780605,60.028597598856095,95.21663338759556,20.72203058051409,0.0
server_030,WriteBack,1s,0.5780605,60.028597598856095,95.21663338759556,21.608181930514093,0.0
server_031,Refresh,1ms,0.5712165,60.67438,95.21387041379535,19.750154214808965,21.5
server_031,Refresh,10ms,0.5712165,60.67438,95.21387041379535,20.190486994808964,0.0
server_031,Refresh,100ms,0.5712165,60.67438,95.21387041379535,20.756641579808967,0.0
server_031,Refresh,1s,0.5712165,60.67438,95.21387041379535,21.637326489808963,0.0
server_031,WriteBack,1ms,0.5712360000000001,60.674260000000004,95.21385048823123,19.749608809608002,62.5
server_031,WriteBack,10ms,0.5712165,60.67438,95.21387041379535,20.190486994808964,0.0
server_031,WriteBack,100ms,0.5712165,60.67438,95.21387041379535,20.756641579808967,0.0
server_031,WriteBack,1s,0.5712165,60.67438,95.21387041379535,21.637326489808963,0.0
server_032,Refresh,1ms,0.571885,64.6825174126993,95.20446786023487,20.848943745739863,27.0
server_032,Refresh,10ms,0.5718855,64.6825174126993,95.20446786023487,21.309387569911593,1.0
server_032,Refresh,100ms,0.5718855,64.6825174126993,95.20446786023487,21.901401244911593,0.0
server_032,Refresh,1s,0.5718855,64.6825174126993,95.20446786023487,22.82231221491159,0.0
server_032,WriteBack,1ms,0.57193,64.6825574126977,95.20450767387184,20.849809820277493,2988.5
server_032,WriteBack,10ms,0.571924,64.6826074126957,95.20441799562596,21.308195885448036,527.5
server_032,WriteBack,100ms,0.5718855,64.6825174126993,95.20446786023487,21.901401244911593,0.0
server_032,WriteBack,1s,0.5718855,64.6825174126993,95.20446786023487,22.82231221491159,0.0
server_033,Refresh,1ms,0.680052,56.883539999999996,95.15526159209816,17.54365876928501,569.5
server_033,Refresh,10ms,0.6800615,56.883539999999996,95.15526159209816,17.980922627728795,7.5
server_033,Refresh,100ms,0.6800619999999999,56.883539999999996,95.15526159209816,18.543439988496445,0.0
server_033,Refresh,1s,0.6800619999999999,56.883539999999996,95.15526159209816,19.41847309849645,0.0
server_033,WriteBack,1ms,0.6799839999999999,56.886790000000005,95.15532030026161,17.545142686757004,3138.0
server_033,WriteBack,10ms,0.6800619999999999,56.883539999999996,95.15526159209816,17.980918703496446,0.5
server_033,WriteBack,100ms,0.6800619999999999,56.883539999999996,95.15526159209816,18.543439988496445,0.0
server_033,WriteBack,1s,0.803793,57.7699,98.63425550065129,30.085851891063257,0.0
server_034,Refresh,1ms,0.6983545,57.224689999999995,95.15519393892953,17.644763723639315,616.5
server_034,Refresh,10ms,0.6983655,57.224689999999995,95.15519393892953,18.08297561533483,19.0
server_034,Refresh,100ms,0.6983655,57.224689999999995,95.15519393892953,18.646725465334832,0.0
server_034,Refresh,1s,0.6983655,57.224689999999995,95.15519393892953,19.523685045334833,0.0
server_034,WriteBack,1ms,0.6987135,57.2266,95.15488700965375,17.639148604328554,12796.0
server_034,WriteBack,10ms,0.698359,57.22472,95.15519541249824,18.08291921735963,311.5
server_034,WriteBack,100ms,0.6983655,57.224689999999995,95.15519393892953,18.646725465334832,0.0
server_034,WriteBack,1s,0.6983655,57.224689999999995,95.15519393892953,19.523685045334833,0.0
server_035,Refresh,1ms,0.629897,56.84871658907701,95.16255485327947,17.672228531223645,1042.5
server_035,Refresh,10ms,0.629913,56.84871658907701,95.16255485327947,18.107298922168173,9.5
server_035,Refresh,100ms,0.6299135,56.84871658907701,95.16255485327947,18.667267803181723,0.0
server_035,Refresh,1s,0.6299135,56.84871658907701,95.16255485327947,19.538338213181724,0.0
server_035,WriteBack,1ms,0.629928,56.851366588918005,95.16269977382076,17.675231764444533,16053.5
server_035,WriteBack,10ms,0.629913,56.848826589070406,95.16255483664997,18.107301915130545,74.5
server_035,WriteBack,100ms,0.6299135,56.84871658907701,95.16255485327947,18.667267803181723,0.0
server_035,WriteBack,1s,0.6299135,56.84871658907701,95.16255485327947,19.538338213181724,0.0
server_036,Refresh,1ms,0.9830425,8.354079665836814,95.30445839403703,4.417432307076035,18451.5
server_036,Refresh,10ms,0.9837020000000001,8.354079665836814,95.30445839403703,4.647928173069539,556.5
server_036,Refresh,100ms,0.9837340000000001,8.354079665836814,95.30445839403703,4.954307175322073,0.0
server_036,Refresh,1s,0.9837340000000001,8.354079665836814,95.30445839403703,5.431347655322074,0.0
server_036,WriteBack,1ms,0.983738,8.363329665466814,95.30642316611329,4.421314327689897,30278.5
server_036,WriteBack,10ms,0.9837340000000001,8.354119665835213,95.30445821395764,4.647645375322074,4.5
server_036,WriteBack,100ms,0.9837340000000001,8.354079665836814,95.30445839403703,4.954307175322073,0.0
server_036,WriteBack,1s,0.9837340000000001,8.354079665836814,95.30445839403703,5.431347655322074,0.0
server_037,Refresh,1ms,0.910504,18.815859623682808,95.26498484102817,7.766665476702069,3672.5
server_037,Refresh,10ms,0.9106190000000001,18.815859623682808,95.26498484102817,8.060161966076025,85.0
server_037,Refresh,100ms,0.910622,18.815859623682808,95.26498484102817,8.439541033298756,0.0
server_037,Refresh,1s,0.910622,18.815859623682808,95.26498484102817,9.029755133298757,0.0
server_037,WriteBack,1ms,0.910448,18.81773962364521,95.26503171074214,7.7651382300154435,10428.0
server_037,WriteBack,10ms,0.9106565,18.815979623680406,95.26498640760927,8.060167530278797,28.5
server_037,WriteBack,100ms,0.910622,18.815859623682808,95.26498484102817,8.439541033298756,0.0
server_037,WriteBack,1s,0.910622,18.815859623682808,95.26498484102817,9.029755133298757,0.0
server_038,Refresh,1ms,0.9129465,18.61341962773161,95.26468772675486,7.740795847948722,1660.5
server_038,Refresh,10ms,0.9129970000000001,18.61341962773161,95.26468772675486,8.036541954892652,63.0
server_038,Refresh,100ms,0.912998,18.61341962773161,95.26468772675486,8.417673972508904,0.0
server_038,Refresh,1s,0.912998,18.61341962773161,95.26468772675486,9.010597002508906,0.0
server_038,WriteBack,1ms,0.91275,18.620849627583006,95.26484442580846,7.743304678882288,10140.5
server_038,WriteBack,10ms,0.9129514999999999,18.614769627704607,95.26469174107659,8.036967127701129,548.5
server_038,WriteBack,100ms,0.912998,18.61341962773161,95.26468772675486,8.417673972508904,0.0
server_038,WriteBack,1s,0.912998,18.61341962773161,95.26468772675486,9.010597002508906,0.0
server_039,Refresh,1ms,0.9281585000000001,14.100449416383029,95.2931554513797,6.2105716380547795,9797.5
server_039,Refresh,10ms,0.9284595,14.100449416383029,95.2931554513797,6.445056267668255,540.5
server_039,Refresh,100ms,0.9284859999999999,14.100449416383029,95.2931554513797,6.75156906338295,0.0
server_039,Refresh,1s,0.9284859999999999,14.100449416383029,95.2931554513797,7.228804703382952,0.0
server_039,WriteBack,1ms,0.9284414999999999,14.10957941606523,95.29383083581985,6.21353900981451,21283.5
server_039,WriteBack,10ms,0.9284955,14.100499416382029,95.29336857831109,6.44642755090705,4277.0
server_039,WriteBack,100ms,0.9284859999999999,14.100449416383029,95.2931554513797,6.75156906338295,0.0
server_039,WriteBack,1s,0.9284859999999999,14.100449416383029,95.2931554513797,7.228804703382952,0.0
